{"train_loss":0.0010921457056203396,"_wandb":{"runtime":525},"epoch":30,"_runtime":525,"val_loss":0.1784011024574174,"_step":29,"learning_rate":6.25e-06,"val_accuracy":96.96969696969697,"_timestamp":1.752555815320642e+09,"train_accuracy":99.97237950559315}